[{"__symbolic":"module","version":3,"metadata":{"ROUTES":[{"path":"","pathMatch":"full","redirectTo":"dashboard"},{"path":"dashboard","loadChildren":"../dashboard/dashboard.module#DashboardModule"},{"path":"settings","loadChildren":"../settings/settings.module#SettingsModule"},{"path":"reports","loadChildren":"../reports/reports.module#ReportsModule"}],"AppModule":{"__symbolic":"class","decorators":[{"__symbolic":"call","expression":{"__symbolic":"reference","module":"@angular/core","name":"NgModule"},"arguments":[{"imports":[{"__symbolic":"reference","module":"@angular/platform-browser","name":"BrowserModule"},{"__symbolic":"call","expression":{"__symbolic":"select","expression":{"__symbolic":"reference","module":"@angular/router","name":"RouterModule"},"member":"forRoot"},"arguments":[{"__symbolic":"reference","name":"ROUTES"}]}],"declarations":[{"__symbolic":"reference","module":"./app.component","name":"AppComponent"}],"bootstrap":[{"__symbolic":"reference","module":"./app.component","name":"AppComponent"}]}]}]}}},{"__symbolic":"module","version":1,"metadata":{"ROUTES":[{"path":"","pathMatch":"full","redirectTo":"dashboard"},{"path":"dashboard","loadChildren":"../dashboard/dashboard.module#DashboardModule"},{"path":"settings","loadChildren":"../settings/settings.module#SettingsModule"},{"path":"reports","loadChildren":"../reports/reports.module#ReportsModule"}],"AppModule":{"__symbolic":"class","decorators":[{"__symbolic":"call","expression":{"__symbolic":"reference","module":"@angular/core","name":"NgModule"},"arguments":[{"imports":[{"__symbolic":"reference","module":"@angular/platform-browser","name":"BrowserModule"},{"__symbolic":"call","expression":{"__symbolic":"select","expression":{"__symbolic":"reference","module":"@angular/router","name":"RouterModule"},"member":"forRoot"},"arguments":[{"__symbolic":"reference","name":"ROUTES"}]}],"declarations":[{"__symbolic":"reference","module":"./app.component","name":"AppComponent"}],"bootstrap":[{"__symbolic":"reference","module":"./app.component","name":"AppComponent"}]}]}]}}}]