[{"__symbolic":"module","version":3,"metadata":{"AppComponent":{"__symbolic":"class","decorators":[{"__symbolic":"call","expression":{"__symbolic":"reference","module":"@angular/core","name":"Component"},"arguments":[{"selector":"app-root","template":"\n    <div>\n      <h1>Lazy loading demo</h1>\n      <nav class=\"app-nav\">\n        <div class=\"wrapper\">\n          <a routerLink=\"dashboard\" routerLinkActive=\"active\">Dashboard</a>\n          <a routerLink=\"settings\" routerLinkActive=\"active\">Settings</a>\n          <a routerLink=\"reports\" routerLinkActive=\"active\">Reports</a>\n        </div>\n      </nav>\n      <div class=\"wrapper\">\n        <router-outlet></router-outlet>\n      </div>\n    </div>\n  "}]}]}}},{"__symbolic":"module","version":1,"metadata":{"AppComponent":{"__symbolic":"class","decorators":[{"__symbolic":"call","expression":{"__symbolic":"reference","module":"@angular/core","name":"Component"},"arguments":[{"selector":"app-root","template":"\n    <div>\n      <h1>Lazy loading demo</h1>\n      <nav class=\"app-nav\">\n        <div class=\"wrapper\">\n          <a routerLink=\"dashboard\" routerLinkActive=\"active\">Dashboard</a>\n          <a routerLink=\"settings\" routerLinkActive=\"active\">Settings</a>\n          <a routerLink=\"reports\" routerLinkActive=\"active\">Reports</a>\n        </div>\n      </nav>\n      <div class=\"wrapper\">\n        <router-outlet></router-outlet>\n      </div>\n    </div>\n  "}]}]}}}]