{"summaries":[{"symbol":{"__symbol":0,"members":[]},"metadata":[{"path":"","component":{"__symbol":1,"members":[]}}]},{"symbol":{"__symbol":2,"members":[]},"metadata":{"__symbolic":"class"},"type":{"summaryKind":2,"type":{"reference":{"__symbol":2,"members":[]},"diDeps":[],"lifecycleHooks":[]},"entryComponents":[{"componentType":{"__symbol":1,"members":[]},"componentFactory":{"__symbol":3,"members":[]}}],"providers":[{"provider":{"token":{"identifier":{"reference":{"__symbol":4,"members":[]}}},"useClass":null,"useValue":[{"path":"","component":{"__symbol":1,"members":[]}}],"useFactory":null,"multi":true},"module":{"reference":{"__symbol":2,"members":[]},"diDeps":[],"lifecycleHooks":[]}}],"modules":[{"reference":{"__symbol":5,"members":[]},"diDeps":[{"isAttribute":false,"isHost":false,"isSelf":false,"isSkipSelf":false,"isOptional":true,"token":{"identifier":{"reference":{"__symbol":6,"members":[]}}}},{"isAttribute":false,"isHost":false,"isSelf":false,"isSkipSelf":false,"isOptional":true,"token":{"identifier":{"reference":{"__symbol":7,"members":[]}}}}],"lifecycleHooks":[]},{"reference":{"__symbol":2,"members":[]},"diDeps":[],"lifecycleHooks":[]}],"exportedDirectives":[],"exportedPipes":[]}}],"symbols":[{"__symbol":0,"name":"ROUTES","filePath":"/media/pranav/Study/multi-app-setup/lazy-split/angular-lazy-load-demo-master/src/dashboard/dashboard.module.d.ts"},{"__symbol":1,"name":"DashboardComponent","filePath":"/media/pranav/Study/multi-app-setup/lazy-split/angular-lazy-load-demo-master/src/dashboard/dashboard.component.d.ts"},{"__symbol":2,"name":"DashboardModule","filePath":"/media/pranav/Study/multi-app-setup/lazy-split/angular-lazy-load-demo-master/src/dashboard/dashboard.module.d.ts"},{"__symbol":3,"name":"DashboardComponentNgFactory","filePath":"/media/pranav/Study/multi-app-setup/lazy-split/angular-lazy-load-demo-master/src/dashboard/dashboard.component.ngfactory.d.ts"},{"__symbol":4,"name":"ROUTES","filePath":"/media/pranav/Study/multi-app-setup/lazy-split/angular-lazy-load-demo-master/node_modules/@angular/router/router.d.ts"},{"__symbol":5,"name":"RouterModule","filePath":"/media/pranav/Study/multi-app-setup/lazy-split/angular-lazy-load-demo-master/node_modules/@angular/router/router.d.ts"},{"__symbol":6,"name":"ɵa","filePath":"/media/pranav/Study/multi-app-setup/lazy-split/angular-lazy-load-demo-master/node_modules/@angular/router/router.d.ts"},{"__symbol":7,"name":"Router","filePath":"/media/pranav/Study/multi-app-setup/lazy-split/angular-lazy-load-demo-master/node_modules/@angular/router/router.d.ts"}]}