{"summaries":[{"symbol":{"__symbol":0,"members":[]},"metadata":[{"path":"","pathMatch":"full","redirectTo":"dashboard"},{"path":"dashboard","loadChildren":"../dashboard/dashboard.module#DashboardModule"},{"path":"settings","loadChildren":"../settings/settings.module#SettingsModule"},{"path":"reports","loadChildren":"../reports/reports.module#ReportsModule"}]},{"symbol":{"__symbol":1,"members":[]},"metadata":{"__symbolic":"class"},"type":{"summaryKind":2,"type":{"reference":{"__symbol":1,"members":[]},"diDeps":[],"lifecycleHooks":[]},"entryComponents":[{"componentType":{"__symbol":2,"members":[]},"componentFactory":{"__symbol":3,"members":[]}}],"providers":[{"provider":{"token":{"identifier":{"reference":{"__symbol":4,"members":[]}}},"useClass":{"reference":{"__symbol":5,"members":[]},"diDeps":[{"isAttribute":false,"isHost":false,"isSelf":false,"isSkipSelf":false,"isOptional":false,"token":{"identifier":{"reference":{"__symbol":6,"members":[]}}}}],"lifecycleHooks":[]},"useFactory":null,"deps":[{"isAttribute":false,"isHost":false,"isSelf":false,"isSkipSelf":false,"isOptional":false,"token":{"identifier":{"reference":{"__symbol":6,"members":[]}}}}],"multi":false},"module":{"reference":{"__symbol":7,"members":[]},"diDeps":[],"lifecycleHooks":[]}},{"provider":{"token":{"identifier":{"reference":{"__symbol":8,"members":[]},"diDeps":[{"isAttribute":false,"isHost":false,"isSelf":false,"isSkipSelf":false,"isOptional":false,"token":{"identifier":{"reference":{"__symbol":9,"members":[]}}}},{"isAttribute":false,"isHost":false,"isSelf":false,"isSkipSelf":false,"isOptional":false,"token":{"identifier":{"reference":{"__symbol":10,"members":[]}}}},{"isAttribute":false,"isHost":false,"isSelf":false,"isSkipSelf":false,"isOptional":false,"token":{"identifier":{"reference":{"__symbol":11,"members":[]}}}},{"isAttribute":false,"isHost":false,"isSelf":false,"isSkipSelf":false,"isOptional":false,"token":{"identifier":{"reference":{"__symbol":12,"members":[]}}}},{"isAttribute":false,"isHost":false,"isSelf":false,"isSkipSelf":false,"isOptional":false,"token":{"identifier":{"reference":{"__symbol":13,"members":[]}}}},{"isAttribute":false,"isHost":false,"isSelf":false,"isSkipSelf":false,"isOptional":false,"token":{"identifier":{"reference":{"__symbol":14,"members":[]}}}}],"lifecycleHooks":[1]}},"useClass":{"reference":{"__symbol":8,"members":[]},"diDeps":[{"isAttribute":false,"isHost":false,"isSelf":false,"isSkipSelf":false,"isOptional":false,"token":{"identifier":{"reference":{"__symbol":9,"members":[]}}}},{"isAttribute":false,"isHost":false,"isSelf":false,"isSkipSelf":false,"isOptional":false,"token":{"identifier":{"reference":{"__symbol":10,"members":[]}}}},{"isAttribute":false,"isHost":false,"isSelf":false,"isSkipSelf":false,"isOptional":false,"token":{"identifier":{"reference":{"__symbol":11,"members":[]}}}},{"isAttribute":false,"isHost":false,"isSelf":false,"isSkipSelf":false,"isOptional":false,"token":{"identifier":{"reference":{"__symbol":12,"members":[]}}}},{"isAttribute":false,"isHost":false,"isSelf":false,"isSkipSelf":false,"isOptional":false,"token":{"identifier":{"reference":{"__symbol":13,"members":[]}}}},{"isAttribute":false,"isHost":false,"isSelf":false,"isSkipSelf":false,"isOptional":false,"token":{"identifier":{"reference":{"__symbol":14,"members":[]}}}}],"lifecycleHooks":[1]},"useFactory":null,"deps":[{"isAttribute":false,"isHost":false,"isSelf":false,"isSkipSelf":false,"isOptional":false,"token":{"identifier":{"reference":{"__symbol":9,"members":[]}}}},{"isAttribute":false,"isHost":false,"isSelf":false,"isSkipSelf":false,"isOptional":false,"token":{"identifier":{"reference":{"__symbol":10,"members":[]}}}},{"isAttribute":false,"isHost":false,"isSelf":false,"isSkipSelf":false,"isOptional":false,"token":{"identifier":{"reference":{"__symbol":11,"members":[]}}}},{"isAttribute":false,"isHost":false,"isSelf":false,"isSkipSelf":false,"isOptional":false,"token":{"identifier":{"reference":{"__symbol":12,"members":[]}}}},{"isAttribute":false,"isHost":false,"isSelf":false,"isSkipSelf":false,"isOptional":false,"token":{"identifier":{"reference":{"__symbol":13,"members":[]}}}},{"isAttribute":false,"isHost":false,"isSelf":false,"isSkipSelf":false,"isOptional":false,"token":{"identifier":{"reference":{"__symbol":14,"members":[]}}}}],"multi":false},"module":{"reference":{"__symbol":15,"members":[]},"diDeps":[{"isAttribute":false,"isHost":false,"isSelf":false,"isSkipSelf":false,"isOptional":false,"token":{"identifier":{"reference":{"__symbol":16,"members":[]}}}}],"lifecycleHooks":[]}},{"provider":{"token":{"identifier":{"reference":{"__symbol":16,"members":[]}}},"useClass":null,"useFactory":null,"useExisting":{"identifier":{"reference":{"__symbol":8,"members":[]}}},"multi":false},"module":{"reference":{"__symbol":15,"members":[]},"diDeps":[{"isAttribute":false,"isHost":false,"isSelf":false,"isSkipSelf":false,"isOptional":false,"token":{"identifier":{"reference":{"__symbol":16,"members":[]}}}}],"lifecycleHooks":[]}},{"provider":{"token":{"identifier":{"reference":{"__symbol":14,"members":[]},"diDeps":[{"isAttribute":false,"isHost":false,"isSelf":false,"isSkipSelf":false,"isOptional":true,"token":{"identifier":{"reference":{"__symbol":17,"members":[]}}}}],"lifecycleHooks":[]}},"useClass":{"reference":{"__symbol":14,"members":[]},"diDeps":[{"isAttribute":false,"isHost":false,"isSelf":false,"isSkipSelf":false,"isOptional":true,"token":{"identifier":{"reference":{"__symbol":17,"members":[]}}}}],"lifecycleHooks":[]},"useFactory":null,"deps":[{"isAttribute":false,"isHost":false,"isSelf":false,"isSkipSelf":false,"isOptional":true,"token":{"identifier":{"reference":{"__symbol":17,"members":[]}}}}],"multi":false},"module":{"reference":{"__symbol":15,"members":[]},"diDeps":[{"isAttribute":false,"isHost":false,"isSelf":false,"isSkipSelf":false,"isOptional":false,"token":{"identifier":{"reference":{"__symbol":16,"members":[]}}}}],"lifecycleHooks":[]}},{"provider":{"token":{"identifier":{"reference":{"__symbol":18,"members":[]},"diDeps":[],"lifecycleHooks":[]}},"useClass":{"reference":{"__symbol":18,"members":[]},"diDeps":[],"lifecycleHooks":[]},"useFactory":null,"deps":[],"multi":false},"module":{"reference":{"__symbol":15,"members":[]},"diDeps":[{"isAttribute":false,"isHost":false,"isSelf":false,"isSkipSelf":false,"isOptional":false,"token":{"identifier":{"reference":{"__symbol":16,"members":[]}}}}],"lifecycleHooks":[]}},{"provider":{"token":{"identifier":{"reference":{"__symbol":19,"members":[]}}},"useClass":null,"useFactory":{"reference":{"__symbol":20,"members":[]},"diDeps":[]},"deps":[],"multi":false},"module":{"reference":{"__symbol":15,"members":[]},"diDeps":[{"isAttribute":false,"isHost":false,"isSelf":false,"isSkipSelf":false,"isOptional":false,"token":{"identifier":{"reference":{"__symbol":16,"members":[]}}}}],"lifecycleHooks":[]}},{"provider":{"token":{"identifier":{"reference":{"__symbol":21,"members":[]}}},"useClass":null,"useFactory":{"reference":{"__symbol":22,"members":[]},"diDeps":[]},"deps":[],"multi":false},"module":{"reference":{"__symbol":15,"members":[]},"diDeps":[{"isAttribute":false,"isHost":false,"isSelf":false,"isSkipSelf":false,"isOptional":false,"token":{"identifier":{"reference":{"__symbol":16,"members":[]}}}}],"lifecycleHooks":[]}},{"provider":{"token":{"identifier":{"reference":{"__symbol":23,"members":[]}}},"useClass":null,"useFactory":{"reference":{"__symbol":24,"members":[]},"diDeps":[]},"deps":[],"multi":false},"module":{"reference":{"__symbol":15,"members":[]},"diDeps":[{"isAttribute":false,"isHost":false,"isSelf":false,"isSkipSelf":false,"isOptional":false,"token":{"identifier":{"reference":{"__symbol":16,"members":[]}}}}],"lifecycleHooks":[]}},{"provider":{"token":{"identifier":{"reference":{"__symbol":6,"members":[]}}},"useClass":null,"useFactory":{"reference":{"__symbol":25,"members":[]},"diDeps":[{"isAttribute":false,"isHost":false,"isSelf":false,"isSkipSelf":true,"isOptional":true,"token":{"identifier":{"reference":{"__symbol":6,"members":[]}}}}]},"deps":[{"isAttribute":false,"isHost":false,"isSelf":false,"isSkipSelf":true,"isOptional":true,"token":{"identifier":{"reference":{"__symbol":6,"members":[]}}}}],"multi":false},"module":{"reference":{"__symbol":15,"members":[]},"diDeps":[{"isAttribute":false,"isHost":false,"isSelf":false,"isSkipSelf":false,"isOptional":false,"token":{"identifier":{"reference":{"__symbol":16,"members":[]}}}}],"lifecycleHooks":[]}},{"provider":{"token":{"identifier":{"reference":{"__symbol":26,"members":[]}}},"useClass":null,"useFactory":null,"useExisting":{"identifier":{"reference":{"__symbol":27,"members":[]}}},"multi":false},"module":{"reference":{"__symbol":28,"members":[]},"diDeps":[{"isAttribute":false,"isHost":false,"isSelf":false,"isSkipSelf":true,"isOptional":true,"token":{"identifier":{"reference":{"__symbol":28,"members":[]}}}}],"lifecycleHooks":[]}},{"provider":{"token":{"identifier":{"reference":{"__symbol":27,"members":[]}}},"useClass":{"reference":{"__symbol":29,"members":[]},"diDeps":[{"isAttribute":false,"isHost":false,"isSelf":false,"isSkipSelf":false,"isOptional":false,"token":{"identifier":{"reference":{"__symbol":30,"members":[]}}}}],"lifecycleHooks":[]},"useFactory":null,"deps":[{"isAttribute":false,"isHost":false,"isSelf":false,"isSkipSelf":false,"isOptional":false,"token":{"identifier":{"reference":{"__symbol":30,"members":[]}}}}],"multi":false},"module":{"reference":{"__symbol":28,"members":[]},"diDeps":[{"isAttribute":false,"isHost":false,"isSelf":false,"isSkipSelf":true,"isOptional":true,"token":{"identifier":{"reference":{"__symbol":28,"members":[]}}}}],"lifecycleHooks":[]}},{"provider":{"token":{"identifier":{"reference":{"__symbol":12,"members":[]}}},"useClass":null,"useFactory":{"reference":{"__symbol":31,"members":[]},"diDeps":[]},"deps":[],"multi":false},"module":{"reference":{"__symbol":28,"members":[]},"diDeps":[{"isAttribute":false,"isHost":false,"isSelf":false,"isSkipSelf":true,"isOptional":true,"token":{"identifier":{"reference":{"__symbol":28,"members":[]}}}}],"lifecycleHooks":[]}},{"provider":{"token":{"identifier":{"reference":{"__symbol":32,"members":[]}}},"useClass":{"reference":{"__symbol":33,"members":[]},"diDeps":[{"isAttribute":false,"isHost":false,"isSelf":false,"isSkipSelf":false,"isOptional":false,"token":{"identifier":{"reference":{"__symbol":30,"members":[]}}}}],"lifecycleHooks":[]},"useFactory":null,"deps":[{"isAttribute":false,"isHost":false,"isSelf":false,"isSkipSelf":false,"isOptional":false,"token":{"identifier":{"reference":{"__symbol":30,"members":[]}}}}],"multi":true},"module":{"reference":{"__symbol":28,"members":[]},"diDeps":[{"isAttribute":false,"isHost":false,"isSelf":false,"isSkipSelf":true,"isOptional":true,"token":{"identifier":{"reference":{"__symbol":28,"members":[]}}}}],"lifecycleHooks":[]}},{"provider":{"token":{"identifier":{"reference":{"__symbol":32,"members":[]}}},"useClass":{"reference":{"__symbol":34,"members":[]},"diDeps":[{"isAttribute":false,"isHost":false,"isSelf":false,"isSkipSelf":false,"isOptional":false,"token":{"identifier":{"reference":{"__symbol":30,"members":[]}}}}],"lifecycleHooks":[]},"useFactory":null,"deps":[{"isAttribute":false,"isHost":false,"isSelf":false,"isSkipSelf":false,"isOptional":false,"token":{"identifier":{"reference":{"__symbol":30,"members":[]}}}}],"multi":true},"module":{"reference":{"__symbol":28,"members":[]},"diDeps":[{"isAttribute":false,"isHost":false,"isSelf":false,"isSkipSelf":true,"isOptional":true,"token":{"identifier":{"reference":{"__symbol":28,"members":[]}}}}],"lifecycleHooks":[]}},{"provider":{"token":{"identifier":{"reference":{"__symbol":32,"members":[]}}},"useClass":{"reference":{"__symbol":35,"members":[]},"diDeps":[{"isAttribute":false,"isHost":false,"isSelf":false,"isSkipSelf":false,"isOptional":false,"token":{"identifier":{"reference":{"__symbol":30,"members":[]}}}},{"isAttribute":false,"isHost":false,"isSelf":false,"isSkipSelf":false,"isOptional":false,"token":{"identifier":{"reference":{"__symbol":36,"members":[]}}}}],"lifecycleHooks":[]},"useFactory":null,"deps":[{"isAttribute":false,"isHost":false,"isSelf":false,"isSkipSelf":false,"isOptional":false,"token":{"identifier":{"reference":{"__symbol":30,"members":[]}}}},{"isAttribute":false,"isHost":false,"isSelf":false,"isSkipSelf":false,"isOptional":false,"token":{"identifier":{"reference":{"__symbol":36,"members":[]}}}}],"multi":true},"module":{"reference":{"__symbol":28,"members":[]},"diDeps":[{"isAttribute":false,"isHost":false,"isSelf":false,"isSkipSelf":true,"isOptional":true,"token":{"identifier":{"reference":{"__symbol":28,"members":[]}}}}],"lifecycleHooks":[]}},{"provider":{"token":{"identifier":{"reference":{"__symbol":36,"members":[]}}},"useClass":{"reference":{"__symbol":37,"members":[]},"diDeps":[],"lifecycleHooks":[]},"useFactory":null,"deps":[],"multi":false},"module":{"reference":{"__symbol":28,"members":[]},"diDeps":[{"isAttribute":false,"isHost":false,"isSelf":false,"isSkipSelf":true,"isOptional":true,"token":{"identifier":{"reference":{"__symbol":28,"members":[]}}}}],"lifecycleHooks":[]}},{"provider":{"token":{"identifier":{"reference":{"__symbol":38,"members":[]},"diDeps":[{"isAttribute":false,"isHost":false,"isSelf":false,"isSkipSelf":false,"isOptional":false,"token":{"identifier":{"reference":{"__symbol":39,"members":[]}}}},{"isAttribute":false,"isHost":false,"isSelf":false,"isSkipSelf":false,"isOptional":false,"token":{"identifier":{"reference":{"__symbol":40,"members":[]}}}}],"lifecycleHooks":[]}},"useClass":{"reference":{"__symbol":38,"members":[]},"diDeps":[{"isAttribute":false,"isHost":false,"isSelf":false,"isSkipSelf":false,"isOptional":false,"token":{"identifier":{"reference":{"__symbol":39,"members":[]}}}},{"isAttribute":false,"isHost":false,"isSelf":false,"isSkipSelf":false,"isOptional":false,"token":{"identifier":{"reference":{"__symbol":40,"members":[]}}}}],"lifecycleHooks":[]},"useFactory":null,"deps":[{"isAttribute":false,"isHost":false,"isSelf":false,"isSkipSelf":false,"isOptional":false,"token":{"identifier":{"reference":{"__symbol":39,"members":[]}}}},{"isAttribute":false,"isHost":false,"isSelf":false,"isSkipSelf":false,"isOptional":false,"token":{"identifier":{"reference":{"__symbol":40,"members":[]}}}}],"multi":false},"module":{"reference":{"__symbol":28,"members":[]},"diDeps":[{"isAttribute":false,"isHost":false,"isSelf":false,"isSkipSelf":true,"isOptional":true,"token":{"identifier":{"reference":{"__symbol":28,"members":[]}}}}],"lifecycleHooks":[]}},{"provider":{"token":{"identifier":{"reference":{"__symbol":41,"members":[]}}},"useClass":null,"useFactory":null,"useExisting":{"identifier":{"reference":{"__symbol":38,"members":[]}}},"multi":false},"module":{"reference":{"__symbol":28,"members":[]},"diDeps":[{"isAttribute":false,"isHost":false,"isSelf":false,"isSkipSelf":true,"isOptional":true,"token":{"identifier":{"reference":{"__symbol":28,"members":[]}}}}],"lifecycleHooks":[]}},{"provider":{"token":{"identifier":{"reference":{"__symbol":42,"members":[]}}},"useClass":null,"useFactory":null,"useExisting":{"identifier":{"reference":{"__symbol":40,"members":[]}}},"multi":false},"module":{"reference":{"__symbol":28,"members":[]},"diDeps":[{"isAttribute":false,"isHost":false,"isSelf":false,"isSkipSelf":true,"isOptional":true,"token":{"identifier":{"reference":{"__symbol":28,"members":[]}}}}],"lifecycleHooks":[]}},{"provider":{"token":{"identifier":{"reference":{"__symbol":40,"members":[]},"diDeps":[{"isAttribute":false,"isHost":false,"isSelf":false,"isSkipSelf":false,"isOptional":false,"token":{"identifier":{"reference":{"__symbol":30,"members":[]}}}}],"lifecycleHooks":[1]}},"useClass":{"reference":{"__symbol":40,"members":[]},"diDeps":[{"isAttribute":false,"isHost":false,"isSelf":false,"isSkipSelf":false,"isOptional":false,"token":{"identifier":{"reference":{"__symbol":30,"members":[]}}}}],"lifecycleHooks":[1]},"useFactory":null,"deps":[{"isAttribute":false,"isHost":false,"isSelf":false,"isSkipSelf":false,"isOptional":false,"token":{"identifier":{"reference":{"__symbol":30,"members":[]}}}}],"multi":false},"module":{"reference":{"__symbol":28,"members":[]},"diDeps":[{"isAttribute":false,"isHost":false,"isSelf":false,"isSkipSelf":true,"isOptional":true,"token":{"identifier":{"reference":{"__symbol":28,"members":[]}}}}],"lifecycleHooks":[]}},{"provider":{"token":{"identifier":{"reference":{"__symbol":43,"members":[]},"diDeps":[{"isAttribute":false,"isHost":false,"isSelf":false,"isSkipSelf":false,"isOptional":false,"token":{"identifier":{"reference":{"__symbol":9,"members":[]}}}}],"lifecycleHooks":[]}},"useClass":{"reference":{"__symbol":43,"members":[]},"diDeps":[{"isAttribute":false,"isHost":false,"isSelf":false,"isSkipSelf":false,"isOptional":false,"token":{"identifier":{"reference":{"__symbol":9,"members":[]}}}}],"lifecycleHooks":[]},"useFactory":null,"deps":[{"isAttribute":false,"isHost":false,"isSelf":false,"isSkipSelf":false,"isOptional":false,"token":{"identifier":{"reference":{"__symbol":9,"members":[]}}}}],"multi":false},"module":{"reference":{"__symbol":28,"members":[]},"diDeps":[{"isAttribute":false,"isHost":false,"isSelf":false,"isSkipSelf":true,"isOptional":true,"token":{"identifier":{"reference":{"__symbol":28,"members":[]}}}}],"lifecycleHooks":[]}},{"provider":{"token":{"identifier":{"reference":{"__symbol":39,"members":[]},"diDeps":[{"isAttribute":false,"isHost":false,"isSelf":false,"isSkipSelf":false,"isOptional":false,"token":{"identifier":{"reference":{"__symbol":32,"members":[]}}}},{"isAttribute":false,"isHost":false,"isSelf":false,"isSkipSelf":false,"isOptional":false,"token":{"identifier":{"reference":{"__symbol":9,"members":[]}}}}],"lifecycleHooks":[]}},"useClass":{"reference":{"__symbol":39,"members":[]},"diDeps":[{"isAttribute":false,"isHost":false,"isSelf":false,"isSkipSelf":false,"isOptional":false,"token":{"identifier":{"reference":{"__symbol":32,"members":[]}}}},{"isAttribute":false,"isHost":false,"isSelf":false,"isSkipSelf":false,"isOptional":false,"token":{"identifier":{"reference":{"__symbol":9,"members":[]}}}}],"lifecycleHooks":[]},"useFactory":null,"deps":[{"isAttribute":false,"isHost":false,"isSelf":false,"isSkipSelf":false,"isOptional":false,"token":{"identifier":{"reference":{"__symbol":32,"members":[]}}}},{"isAttribute":false,"isHost":false,"isSelf":false,"isSkipSelf":false,"isOptional":false,"token":{"identifier":{"reference":{"__symbol":9,"members":[]}}}}],"multi":false},"module":{"reference":{"__symbol":28,"members":[]},"diDeps":[{"isAttribute":false,"isHost":false,"isSelf":false,"isSkipSelf":true,"isOptional":true,"token":{"identifier":{"reference":{"__symbol":28,"members":[]}}}}],"lifecycleHooks":[]}},{"provider":{"token":{"identifier":{"reference":{"__symbol":17,"members":[]}}},"useClass":null,"useFactory":{"reference":{"__symbol":44,"members":[]},"diDeps":[{"isAttribute":false,"isHost":false,"isSelf":false,"isSkipSelf":false,"isOptional":true,"token":{"identifier":{"reference":{"__symbol":45,"members":[]}}}},{"isAttribute":false,"isHost":false,"isSelf":false,"isSkipSelf":false,"isOptional":true,"token":{"identifier":{"reference":{"__symbol":46,"members":[]}}}}]},"deps":[{"isAttribute":false,"isHost":false,"isSelf":false,"isSkipSelf":false,"isOptional":true,"token":{"identifier":{"reference":{"__symbol":45,"members":[]}}}},{"isAttribute":false,"isHost":false,"isSelf":false,"isSkipSelf":false,"isOptional":true,"token":{"identifier":{"reference":{"__symbol":46,"members":[]}}}}],"multi":true},"module":{"reference":{"__symbol":28,"members":[]},"diDeps":[{"isAttribute":false,"isHost":false,"isSelf":false,"isSkipSelf":true,"isOptional":true,"token":{"identifier":{"reference":{"__symbol":28,"members":[]}}}}],"lifecycleHooks":[]}},{"provider":{"token":{"identifier":{"reference":{"__symbol":47,"members":[]},"diDeps":[{"isAttribute":false,"isHost":false,"isSelf":false,"isSkipSelf":false,"isOptional":false,"token":{"identifier":{"reference":{"__symbol":30,"members":[]}}}}],"lifecycleHooks":[]}},"useClass":{"reference":{"__symbol":47,"members":[]},"diDeps":[{"isAttribute":false,"isHost":false,"isSelf":false,"isSkipSelf":false,"isOptional":false,"token":{"identifier":{"reference":{"__symbol":30,"members":[]}}}}],"lifecycleHooks":[]},"useFactory":null,"deps":[{"isAttribute":false,"isHost":false,"isSelf":false,"isSkipSelf":false,"isOptional":false,"token":{"identifier":{"reference":{"__symbol":30,"members":[]}}}}],"multi":false},"module":{"reference":{"__symbol":28,"members":[]},"diDeps":[{"isAttribute":false,"isHost":false,"isSelf":false,"isSkipSelf":true,"isOptional":true,"token":{"identifier":{"reference":{"__symbol":28,"members":[]}}}}],"lifecycleHooks":[]}},{"provider":{"token":{"identifier":{"reference":{"__symbol":48,"members":[]},"diDeps":[{"isAttribute":false,"isHost":false,"isSelf":false,"isSkipSelf":false,"isOptional":false,"token":{"identifier":{"reference":{"__symbol":30,"members":[]}}}}],"lifecycleHooks":[]}},"useClass":{"reference":{"__symbol":48,"members":[]},"diDeps":[{"isAttribute":false,"isHost":false,"isSelf":false,"isSkipSelf":false,"isOptional":false,"token":{"identifier":{"reference":{"__symbol":30,"members":[]}}}}],"lifecycleHooks":[]},"useFactory":null,"deps":[{"isAttribute":false,"isHost":false,"isSelf":false,"isSkipSelf":false,"isOptional":false,"token":{"identifier":{"reference":{"__symbol":30,"members":[]}}}}],"multi":false},"module":{"reference":{"__symbol":28,"members":[]},"diDeps":[{"isAttribute":false,"isHost":false,"isSelf":false,"isSkipSelf":true,"isOptional":true,"token":{"identifier":{"reference":{"__symbol":28,"members":[]}}}}],"lifecycleHooks":[]}},{"provider":{"token":{"identifier":{"reference":{"__symbol":49,"members":[]},"diDeps":[{"isAttribute":false,"isHost":false,"isSelf":false,"isSkipSelf":false,"isOptional":false,"token":{"identifier":{"reference":{"__symbol":50,"members":[]}}}}],"lifecycleHooks":[]}},"useClass":{"reference":{"__symbol":49,"members":[]},"diDeps":[{"isAttribute":false,"isHost":false,"isSelf":false,"isSkipSelf":false,"isOptional":false,"token":{"identifier":{"reference":{"__symbol":50,"members":[]}}}}],"lifecycleHooks":[]},"useFactory":null,"deps":[{"isAttribute":false,"isHost":false,"isSelf":false,"isSkipSelf":false,"isOptional":false,"token":{"identifier":{"reference":{"__symbol":50,"members":[]}}}}],"multi":false},"module":{"reference":{"__symbol":1,"members":[]},"diDeps":[],"lifecycleHooks":[]}},{"provider":{"token":{"identifier":{"reference":{"__symbol":51,"members":[]}}},"useClass":{"reference":{"__symbol":52,"members":[]},"diDeps":[],"lifecycleHooks":[]},"useFactory":null,"deps":[],"multi":false},"module":{"reference":{"__symbol":1,"members":[]},"diDeps":[],"lifecycleHooks":[]}},{"provider":{"token":{"identifier":{"reference":{"__symbol":53,"members":[]}}},"useClass":null,"useFactory":{"reference":{"__symbol":54,"members":[]},"diDeps":[{"isAttribute":false,"isHost":false,"isSelf":false,"isSkipSelf":false,"isOptional":false,"token":{"identifier":{"reference":{"__symbol":16,"members":[]}}}},{"isAttribute":false,"isHost":false,"isSelf":false,"isSkipSelf":false,"isOptional":false,"token":{"identifier":{"reference":{"__symbol":51,"members":[]}}}},{"isAttribute":false,"isHost":false,"isSelf":false,"isSkipSelf":false,"isOptional":false,"token":{"identifier":{"reference":{"__symbol":55,"members":[]}}}},{"isAttribute":false,"isHost":false,"isSelf":false,"isSkipSelf":false,"isOptional":false,"token":{"identifier":{"reference":{"__symbol":49,"members":[]}}}},{"isAttribute":false,"isHost":false,"isSelf":false,"isSkipSelf":false,"isOptional":false,"token":{"identifier":{"reference":{"__symbol":11,"members":[]}}}},{"isAttribute":false,"isHost":false,"isSelf":false,"isSkipSelf":false,"isOptional":false,"token":{"identifier":{"reference":{"__symbol":56,"members":[]}}}},{"isAttribute":false,"isHost":false,"isSelf":false,"isSkipSelf":false,"isOptional":false,"token":{"identifier":{"reference":{"__symbol":18,"members":[]}}}},{"isAttribute":false,"isHost":false,"isSelf":false,"isSkipSelf":false,"isOptional":false,"token":{"identifier":{"reference":{"__symbol":57,"members":[]}}}},{"isAttribute":false,"isHost":false,"isSelf":false,"isSkipSelf":false,"isOptional":false,"token":{"identifier":{"reference":{"__symbol":58,"members":[]}}}},{"isAttribute":false,"isHost":false,"isSelf":false,"isSkipSelf":false,"isOptional":true,"token":{"identifier":{"reference":{"__symbol":59,"members":[]}}}},{"isAttribute":false,"isHost":false,"isSelf":false,"isSkipSelf":false,"isOptional":true,"token":{"identifier":{"reference":{"__symbol":60,"members":[]}}}}]},"deps":[{"isAttribute":false,"isHost":false,"isSelf":false,"isSkipSelf":false,"isOptional":false,"token":{"identifier":{"reference":{"__symbol":16,"members":[]}}}},{"isAttribute":false,"isHost":false,"isSelf":false,"isSkipSelf":false,"isOptional":false,"token":{"identifier":{"reference":{"__symbol":51,"members":[]}}}},{"isAttribute":false,"isHost":false,"isSelf":false,"isSkipSelf":false,"isOptional":false,"token":{"identifier":{"reference":{"__symbol":55,"members":[]}}}},{"isAttribute":false,"isHost":false,"isSelf":false,"isSkipSelf":false,"isOptional":false,"token":{"identifier":{"reference":{"__symbol":49,"members":[]}}}},{"isAttribute":false,"isHost":false,"isSelf":false,"isSkipSelf":false,"isOptional":false,"token":{"identifier":{"reference":{"__symbol":11,"members":[]}}}},{"isAttribute":false,"isHost":false,"isSelf":false,"isSkipSelf":false,"isOptional":false,"token":{"identifier":{"reference":{"__symbol":56,"members":[]}}}},{"isAttribute":false,"isHost":false,"isSelf":false,"isSkipSelf":false,"isOptional":false,"token":{"identifier":{"reference":{"__symbol":18,"members":[]}}}},{"isAttribute":false,"isHost":false,"isSelf":false,"isSkipSelf":false,"isOptional":false,"token":{"identifier":{"reference":{"__symbol":57,"members":[]}}}},{"isAttribute":false,"isHost":false,"isSelf":false,"isSkipSelf":false,"isOptional":false,"token":{"identifier":{"reference":{"__symbol":58,"members":[]}}}},{"isAttribute":false,"isHost":false,"isSelf":false,"isSkipSelf":false,"isOptional":true,"token":{"identifier":{"reference":{"__symbol":59,"members":[]}}}},{"isAttribute":false,"isHost":false,"isSelf":false,"isSkipSelf":false,"isOptional":true,"token":{"identifier":{"reference":{"__symbol":60,"members":[]}}}}],"multi":false},"module":{"reference":{"__symbol":1,"members":[]},"diDeps":[],"lifecycleHooks":[]}},{"provider":{"token":{"identifier":{"reference":{"__symbol":55,"members":[]},"diDeps":[],"lifecycleHooks":[]}},"useClass":{"reference":{"__symbol":55,"members":[]},"diDeps":[],"lifecycleHooks":[]},"useFactory":null,"deps":[],"multi":false},"module":{"reference":{"__symbol":1,"members":[]},"diDeps":[],"lifecycleHooks":[]}},{"provider":{"token":{"identifier":{"reference":{"__symbol":61,"members":[]}}},"useClass":null,"useFactory":{"reference":{"__symbol":62,"members":[]},"diDeps":[{"isAttribute":false,"isHost":false,"isSelf":false,"isSkipSelf":false,"isOptional":false,"token":{"identifier":{"reference":{"__symbol":53,"members":[]}}}}]},"deps":[{"isAttribute":false,"isHost":false,"isSelf":false,"isSkipSelf":false,"isOptional":false,"token":{"identifier":{"reference":{"__symbol":53,"members":[]}}}}],"multi":false},"module":{"reference":{"__symbol":1,"members":[]},"diDeps":[],"lifecycleHooks":[]}},{"provider":{"token":{"identifier":{"reference":{"__symbol":56,"members":[]}}},"useClass":{"reference":{"__symbol":63,"members":[]},"diDeps":[{"isAttribute":false,"isHost":false,"isSelf":false,"isSkipSelf":false,"isOptional":false,"token":{"identifier":{"reference":{"__symbol":18,"members":[]}}}},{"isAttribute":false,"isHost":false,"isSelf":false,"isSkipSelf":false,"isOptional":true,"token":{"identifier":{"reference":{"__symbol":64,"members":[]}}}}],"lifecycleHooks":[]},"useFactory":null,"deps":[{"isAttribute":false,"isHost":false,"isSelf":false,"isSkipSelf":false,"isOptional":false,"token":{"identifier":{"reference":{"__symbol":18,"members":[]}}}},{"isAttribute":false,"isHost":false,"isSelf":false,"isSkipSelf":false,"isOptional":true,"token":{"identifier":{"reference":{"__symbol":64,"members":[]}}}}],"multi":false},"module":{"reference":{"__symbol":1,"members":[]},"diDeps":[],"lifecycleHooks":[]}},{"provider":{"token":{"identifier":{"reference":{"__symbol":65,"members":[]},"diDeps":[{"isAttribute":false,"isHost":false,"isSelf":false,"isSkipSelf":false,"isOptional":false,"token":{"identifier":{"reference":{"__symbol":53,"members":[]}}}},{"isAttribute":false,"isHost":false,"isSelf":false,"isSkipSelf":false,"isOptional":false,"token":{"identifier":{"reference":{"__symbol":56,"members":[]}}}},{"isAttribute":false,"isHost":false,"isSelf":false,"isSkipSelf":false,"isOptional":false,"token":{"identifier":{"reference":{"__symbol":18,"members":[]}}}},{"isAttribute":false,"isHost":false,"isSelf":false,"isSkipSelf":false,"isOptional":false,"token":{"identifier":{"reference":{"__symbol":11,"members":[]}}}},{"isAttribute":false,"isHost":false,"isSelf":false,"isSkipSelf":false,"isOptional":false,"token":{"identifier":{"reference":{"__symbol":66,"members":[]}}}}],"lifecycleHooks":[1]}},"useClass":{"reference":{"__symbol":65,"members":[]},"diDeps":[{"isAttribute":false,"isHost":false,"isSelf":false,"isSkipSelf":false,"isOptional":false,"token":{"identifier":{"reference":{"__symbol":53,"members":[]}}}},{"isAttribute":false,"isHost":false,"isSelf":false,"isSkipSelf":false,"isOptional":false,"token":{"identifier":{"reference":{"__symbol":56,"members":[]}}}},{"isAttribute":false,"isHost":false,"isSelf":false,"isSkipSelf":false,"isOptional":false,"token":{"identifier":{"reference":{"__symbol":18,"members":[]}}}},{"isAttribute":false,"isHost":false,"isSelf":false,"isSkipSelf":false,"isOptional":false,"token":{"identifier":{"reference":{"__symbol":11,"members":[]}}}},{"isAttribute":false,"isHost":false,"isSelf":false,"isSkipSelf":false,"isOptional":false,"token":{"identifier":{"reference":{"__symbol":66,"members":[]}}}}],"lifecycleHooks":[1]},"useFactory":null,"deps":[{"isAttribute":false,"isHost":false,"isSelf":false,"isSkipSelf":false,"isOptional":false,"token":{"identifier":{"reference":{"__symbol":53,"members":[]}}}},{"isAttribute":false,"isHost":false,"isSelf":false,"isSkipSelf":false,"isOptional":false,"token":{"identifier":{"reference":{"__symbol":56,"members":[]}}}},{"isAttribute":false,"isHost":false,"isSelf":false,"isSkipSelf":false,"isOptional":false,"token":{"identifier":{"reference":{"__symbol":18,"members":[]}}}},{"isAttribute":false,"isHost":false,"isSelf":false,"isSkipSelf":false,"isOptional":false,"token":{"identifier":{"reference":{"__symbol":11,"members":[]}}}},{"isAttribute":false,"isHost":false,"isSelf":false,"isSkipSelf":false,"isOptional":false,"token":{"identifier":{"reference":{"__symbol":66,"members":[]}}}}],"multi":false},"module":{"reference":{"__symbol":1,"members":[]},"diDeps":[],"lifecycleHooks":[]}},{"provider":{"token":{"identifier":{"reference":{"__symbol":67,"members":[]},"diDeps":[],"lifecycleHooks":[]}},"useClass":{"reference":{"__symbol":67,"members":[]},"diDeps":[],"lifecycleHooks":[]},"useFactory":null,"deps":[],"multi":false},"module":{"reference":{"__symbol":1,"members":[]},"diDeps":[],"lifecycleHooks":[]}},{"provider":{"token":{"identifier":{"reference":{"__symbol":68,"members":[]},"diDeps":[],"lifecycleHooks":[]}},"useClass":{"reference":{"__symbol":68,"members":[]},"diDeps":[],"lifecycleHooks":[]},"useFactory":null,"deps":[],"multi":false},"module":{"reference":{"__symbol":1,"members":[]},"diDeps":[],"lifecycleHooks":[]}},{"provider":{"token":{"identifier":{"reference":{"__symbol":58,"members":[]}}},"useClass":null,"useValue":{"enableTracing":false},"useFactory":null,"multi":false},"module":{"reference":{"__symbol":1,"members":[]},"diDeps":[],"lifecycleHooks":[]}},{"provider":{"token":{"identifier":{"reference":{"__symbol":57,"members":[]}}},"useClass":null,"useValue":[{"path":"","pathMatch":"full","redirectTo":"dashboard"},{"path":"dashboard","loadChildren":"../dashboard/dashboard.module#DashboardModule"},{"path":"settings","loadChildren":"../settings/settings.module#SettingsModule"},{"path":"reports","loadChildren":"../reports/reports.module#ReportsModule"}],"useFactory":null,"multi":true},"module":{"reference":{"__symbol":1,"members":[]},"diDeps":[],"lifecycleHooks":[]}},{"provider":{"token":{"identifier":{"reference":{"__symbol":69,"members":[]}}},"useClass":null,"useFactory":{"reference":{"__symbol":70,"members":[]},"diDeps":[{"isAttribute":false,"isHost":false,"isSelf":false,"isSkipSelf":true,"isOptional":true,"token":{"identifier":{"reference":{"__symbol":53,"members":[]}}}}]},"deps":[{"isAttribute":false,"isHost":false,"isSelf":false,"isSkipSelf":true,"isOptional":true,"token":{"identifier":{"reference":{"__symbol":53,"members":[]}}}}],"multi":false},"module":{"reference":{"__symbol":1,"members":[]},"diDeps":[],"lifecycleHooks":[]}},{"provider":{"token":{"identifier":{"reference":{"__symbol":58,"members":[]}}},"useClass":null,"useValue":{},"useFactory":null,"multi":false},"module":{"reference":{"__symbol":1,"members":[]},"diDeps":[],"lifecycleHooks":[]}},{"provider":{"token":{"identifier":{"reference":{"__symbol":50,"members":[]}}},"useClass":null,"useFactory":{"reference":{"__symbol":71,"members":[]},"diDeps":[{"isAttribute":false,"isHost":false,"isSelf":false,"isSkipSelf":false,"isOptional":false,"token":{"identifier":{"reference":{"__symbol":72,"members":[]}}}},{"isAttribute":false,"isHost":false,"isSelf":false,"isSkipSelf":false,"isOptional":true,"token":{"identifier":{"reference":{"__symbol":73,"members":[]}}}},{"isAttribute":false,"isHost":false,"isSelf":false,"isSkipSelf":false,"isOptional":false,"token":{"identifier":{"reference":{"__symbol":58,"members":[]}}}}]},"deps":[{"isAttribute":false,"isHost":false,"isSelf":false,"isSkipSelf":false,"isOptional":false,"token":{"identifier":{"reference":{"__symbol":72,"members":[]}}}},{"isAttribute":false,"isHost":false,"isSelf":false,"isSkipSelf":false,"isOptional":true,"token":{"identifier":{"reference":{"__symbol":73,"members":[]}}}},{"isAttribute":false,"isHost":false,"isSelf":false,"isSkipSelf":false,"isOptional":false,"token":{"identifier":{"reference":{"__symbol":58,"members":[]}}}}],"multi":false},"module":{"reference":{"__symbol":1,"members":[]},"diDeps":[],"lifecycleHooks":[]}},{"provider":{"token":{"identifier":{"reference":{"__symbol":66,"members":[]}}},"useClass":null,"useFactory":null,"useExisting":{"identifier":{"reference":{"__symbol":67,"members":[]}}},"multi":false},"module":{"reference":{"__symbol":1,"members":[]},"diDeps":[],"lifecycleHooks":[]}},{"provider":{"token":{"identifier":{"reference":{"__symbol":46,"members":[]}}},"useClass":null,"useFactory":{"reference":{"__symbol":74,"members":[]},"diDeps":[]},"deps":[],"multi":true},"module":{"reference":{"__symbol":1,"members":[]},"diDeps":[],"lifecycleHooks":[]}},{"provider":{"token":{"identifier":{"reference":{"__symbol":75,"members":[]},"diDeps":[{"isAttribute":false,"isHost":false,"isSelf":false,"isSkipSelf":false,"isOptional":false,"token":{"identifier":{"reference":{"__symbol":11,"members":[]}}}}],"lifecycleHooks":[]}},"useClass":{"reference":{"__symbol":75,"members":[]},"diDeps":[{"isAttribute":false,"isHost":false,"isSelf":false,"isSkipSelf":false,"isOptional":false,"token":{"identifier":{"reference":{"__symbol":11,"members":[]}}}}],"lifecycleHooks":[]},"useFactory":null,"deps":[{"isAttribute":false,"isHost":false,"isSelf":false,"isSkipSelf":false,"isOptional":false,"token":{"identifier":{"reference":{"__symbol":11,"members":[]}}}}],"multi":false},"module":{"reference":{"__symbol":1,"members":[]},"diDeps":[],"lifecycleHooks":[]}},{"provider":{"token":{"identifier":{"reference":{"__symbol":17,"members":[]}}},"useClass":null,"useFactory":{"reference":{"__symbol":76,"members":[]},"diDeps":[{"isAttribute":false,"isHost":false,"isSelf":false,"isSkipSelf":false,"isOptional":false,"token":{"identifier":{"reference":{"__symbol":75,"members":[]}}}}]},"deps":[{"isAttribute":false,"isHost":false,"isSelf":false,"isSkipSelf":false,"isOptional":false,"token":{"identifier":{"reference":{"__symbol":75,"members":[]}}}}],"multi":true},"module":{"reference":{"__symbol":1,"members":[]},"diDeps":[],"lifecycleHooks":[]}},{"provider":{"token":{"identifier":{"reference":{"__symbol":77,"members":[]}}},"useClass":null,"useFactory":{"reference":{"__symbol":78,"members":[]},"diDeps":[{"isAttribute":false,"isHost":false,"isSelf":false,"isSkipSelf":false,"isOptional":false,"token":{"identifier":{"reference":{"__symbol":75,"members":[]}}}}]},"deps":[{"isAttribute":false,"isHost":false,"isSelf":false,"isSkipSelf":false,"isOptional":false,"token":{"identifier":{"reference":{"__symbol":75,"members":[]}}}}],"multi":false},"module":{"reference":{"__symbol":1,"members":[]},"diDeps":[],"lifecycleHooks":[]}},{"provider":{"token":{"identifier":{"reference":{"__symbol":79,"members":[]}}},"useClass":null,"useFactory":null,"useExisting":{"identifier":{"reference":{"__symbol":77,"members":[]}}},"multi":true},"module":{"reference":{"__symbol":1,"members":[]},"diDeps":[],"lifecycleHooks":[]}}],"modules":[{"reference":{"__symbol":7,"members":[]},"diDeps":[],"lifecycleHooks":[]},{"reference":{"__symbol":15,"members":[]},"diDeps":[{"isAttribute":false,"isHost":false,"isSelf":false,"isSkipSelf":false,"isOptional":false,"token":{"identifier":{"reference":{"__symbol":16,"members":[]}}}}],"lifecycleHooks":[]},{"reference":{"__symbol":28,"members":[]},"diDeps":[{"isAttribute":false,"isHost":false,"isSelf":false,"isSkipSelf":true,"isOptional":true,"token":{"identifier":{"reference":{"__symbol":28,"members":[]}}}}],"lifecycleHooks":[]},{"reference":{"__symbol":80,"members":[]},"diDeps":[{"isAttribute":false,"isHost":false,"isSelf":false,"isSkipSelf":false,"isOptional":true,"token":{"identifier":{"reference":{"__symbol":69,"members":[]}}}},{"isAttribute":false,"isHost":false,"isSelf":false,"isSkipSelf":false,"isOptional":true,"token":{"identifier":{"reference":{"__symbol":53,"members":[]}}}}],"lifecycleHooks":[]},{"reference":{"__symbol":1,"members":[]},"diDeps":[],"lifecycleHooks":[]}],"exportedDirectives":[],"exportedPipes":[]}}],"symbols":[{"__symbol":0,"name":"ROUTES","filePath":"/media/pranav/Study/multi-app-setup/lazy-split/angular-lazy-load-demo-master/src/app/app.module.d.ts"},{"__symbol":1,"name":"AppModule","filePath":"/media/pranav/Study/multi-app-setup/lazy-split/angular-lazy-load-demo-master/src/app/app.module.d.ts"},{"__symbol":2,"name":"AppComponent","filePath":"/media/pranav/Study/multi-app-setup/lazy-split/angular-lazy-load-demo-master/src/app/app.component.d.ts"},{"__symbol":3,"name":"AppComponentNgFactory","filePath":"/media/pranav/Study/multi-app-setup/lazy-split/angular-lazy-load-demo-master/src/app/app.component.ngfactory.d.ts"},{"__symbol":4,"name":"NgLocalization","filePath":"/media/pranav/Study/multi-app-setup/lazy-split/angular-lazy-load-demo-master/node_modules/@angular/common/common.d.ts"},{"__symbol":5,"name":"NgLocaleLocalization","filePath":"/media/pranav/Study/multi-app-setup/lazy-split/angular-lazy-load-demo-master/node_modules/@angular/common/common.d.ts"},{"__symbol":6,"name":"LOCALE_ID","filePath":"/media/pranav/Study/multi-app-setup/lazy-split/angular-lazy-load-demo-master/node_modules/@angular/core/core.d.ts"},{"__symbol":7,"name":"CommonModule","filePath":"/media/pranav/Study/multi-app-setup/lazy-split/angular-lazy-load-demo-master/node_modules/@angular/common/common.d.ts"},{"__symbol":8,"name":"ɵe","filePath":"/media/pranav/Study/multi-app-setup/lazy-split/angular-lazy-load-demo-master/node_modules/@angular/core/core.d.ts"},{"__symbol":9,"name":"NgZone","filePath":"/media/pranav/Study/multi-app-setup/lazy-split/angular-lazy-load-demo-master/node_modules/@angular/core/core.d.ts"},{"__symbol":10,"name":"ɵConsole","filePath":"/media/pranav/Study/multi-app-setup/lazy-split/angular-lazy-load-demo-master/node_modules/@angular/core/core.d.ts"},{"__symbol":11,"name":"Injector","filePath":"/media/pranav/Study/multi-app-setup/lazy-split/angular-lazy-load-demo-master/node_modules/@angular/core/core.d.ts"},{"__symbol":12,"name":"ErrorHandler","filePath":"/media/pranav/Study/multi-app-setup/lazy-split/angular-lazy-load-demo-master/node_modules/@angular/core/core.d.ts"},{"__symbol":13,"name":"ComponentFactoryResolver","filePath":"/media/pranav/Study/multi-app-setup/lazy-split/angular-lazy-load-demo-master/node_modules/@angular/core/core.d.ts"},{"__symbol":14,"name":"ApplicationInitStatus","filePath":"/media/pranav/Study/multi-app-setup/lazy-split/angular-lazy-load-demo-master/node_modules/@angular/core/core.d.ts"},{"__symbol":15,"name":"ApplicationModule","filePath":"/media/pranav/Study/multi-app-setup/lazy-split/angular-lazy-load-demo-master/node_modules/@angular/core/core.d.ts"},{"__symbol":16,"name":"ApplicationRef","filePath":"/media/pranav/Study/multi-app-setup/lazy-split/angular-lazy-load-demo-master/node_modules/@angular/core/core.d.ts"},{"__symbol":17,"name":"APP_INITIALIZER","filePath":"/media/pranav/Study/multi-app-setup/lazy-split/angular-lazy-load-demo-master/node_modules/@angular/core/core.d.ts"},{"__symbol":18,"name":"Compiler","filePath":"/media/pranav/Study/multi-app-setup/lazy-split/angular-lazy-load-demo-master/node_modules/@angular/core/core.d.ts"},{"__symbol":19,"name":"APP_ID","filePath":"/media/pranav/Study/multi-app-setup/lazy-split/angular-lazy-load-demo-master/node_modules/@angular/core/core.d.ts"},{"__symbol":20,"name":"ɵf","filePath":"/media/pranav/Study/multi-app-setup/lazy-split/angular-lazy-load-demo-master/node_modules/@angular/core/core.d.ts"},{"__symbol":21,"name":"IterableDiffers","filePath":"/media/pranav/Study/multi-app-setup/lazy-split/angular-lazy-load-demo-master/node_modules/@angular/core/core.d.ts"},{"__symbol":22,"name":"ɵk","filePath":"/media/pranav/Study/multi-app-setup/lazy-split/angular-lazy-load-demo-master/node_modules/@angular/core/core.d.ts"},{"__symbol":23,"name":"KeyValueDiffers","filePath":"/media/pranav/Study/multi-app-setup/lazy-split/angular-lazy-load-demo-master/node_modules/@angular/core/core.d.ts"},{"__symbol":24,"name":"ɵl","filePath":"/media/pranav/Study/multi-app-setup/lazy-split/angular-lazy-load-demo-master/node_modules/@angular/core/core.d.ts"},{"__symbol":25,"name":"ɵm","filePath":"/media/pranav/Study/multi-app-setup/lazy-split/angular-lazy-load-demo-master/node_modules/@angular/core/core.d.ts"},{"__symbol":26,"name":"Sanitizer","filePath":"/media/pranav/Study/multi-app-setup/lazy-split/angular-lazy-load-demo-master/node_modules/@angular/core/core.d.ts"},{"__symbol":27,"name":"DomSanitizer","filePath":"/media/pranav/Study/multi-app-setup/lazy-split/angular-lazy-load-demo-master/node_modules/@angular/platform-browser/platform-browser.d.ts"},{"__symbol":28,"name":"BrowserModule","filePath":"/media/pranav/Study/multi-app-setup/lazy-split/angular-lazy-load-demo-master/node_modules/@angular/platform-browser/platform-browser.d.ts"},{"__symbol":29,"name":"ɵe","filePath":"/media/pranav/Study/multi-app-setup/lazy-split/angular-lazy-load-demo-master/node_modules/@angular/platform-browser/platform-browser.d.ts"},{"__symbol":30,"name":"DOCUMENT","filePath":"/media/pranav/Study/multi-app-setup/lazy-split/angular-lazy-load-demo-master/node_modules/@angular/common/common.d.ts"},{"__symbol":31,"name":"ɵa","filePath":"/media/pranav/Study/multi-app-setup/lazy-split/angular-lazy-load-demo-master/node_modules/@angular/platform-browser/platform-browser.d.ts"},{"__symbol":32,"name":"EVENT_MANAGER_PLUGINS","filePath":"/media/pranav/Study/multi-app-setup/lazy-split/angular-lazy-load-demo-master/node_modules/@angular/platform-browser/platform-browser.d.ts"},{"__symbol":33,"name":"ɵDomEventsPlugin","filePath":"/media/pranav/Study/multi-app-setup/lazy-split/angular-lazy-load-demo-master/node_modules/@angular/platform-browser/platform-browser.d.ts"},{"__symbol":34,"name":"ɵKeyEventsPlugin","filePath":"/media/pranav/Study/multi-app-setup/lazy-split/angular-lazy-load-demo-master/node_modules/@angular/platform-browser/platform-browser.d.ts"},{"__symbol":35,"name":"ɵHammerGesturesPlugin","filePath":"/media/pranav/Study/multi-app-setup/lazy-split/angular-lazy-load-demo-master/node_modules/@angular/platform-browser/platform-browser.d.ts"},{"__symbol":36,"name":"HAMMER_GESTURE_CONFIG","filePath":"/media/pranav/Study/multi-app-setup/lazy-split/angular-lazy-load-demo-master/node_modules/@angular/platform-browser/platform-browser.d.ts"},{"__symbol":37,"name":"HammerGestureConfig","filePath":"/media/pranav/Study/multi-app-setup/lazy-split/angular-lazy-load-demo-master/node_modules/@angular/platform-browser/platform-browser.d.ts"},{"__symbol":38,"name":"ɵDomRendererFactory2","filePath":"/media/pranav/Study/multi-app-setup/lazy-split/angular-lazy-load-demo-master/node_modules/@angular/platform-browser/platform-browser.d.ts"},{"__symbol":39,"name":"EventManager","filePath":"/media/pranav/Study/multi-app-setup/lazy-split/angular-lazy-load-demo-master/node_modules/@angular/platform-browser/platform-browser.d.ts"},{"__symbol":40,"name":"ɵDomSharedStylesHost","filePath":"/media/pranav/Study/multi-app-setup/lazy-split/angular-lazy-load-demo-master/node_modules/@angular/platform-browser/platform-browser.d.ts"},{"__symbol":41,"name":"RendererFactory2","filePath":"/media/pranav/Study/multi-app-setup/lazy-split/angular-lazy-load-demo-master/node_modules/@angular/core/core.d.ts"},{"__symbol":42,"name":"ɵSharedStylesHost","filePath":"/media/pranav/Study/multi-app-setup/lazy-split/angular-lazy-load-demo-master/node_modules/@angular/platform-browser/platform-browser.d.ts"},{"__symbol":43,"name":"Testability","filePath":"/media/pranav/Study/multi-app-setup/lazy-split/angular-lazy-load-demo-master/node_modules/@angular/core/core.d.ts"},{"__symbol":44,"name":"ɵc","filePath":"/media/pranav/Study/multi-app-setup/lazy-split/angular-lazy-load-demo-master/node_modules/@angular/platform-browser/platform-browser.d.ts"},{"__symbol":45,"name":"NgProbeToken","filePath":"/media/pranav/Study/multi-app-setup/lazy-split/angular-lazy-load-demo-master/node_modules/@angular/platform-browser/platform-browser.d.ts"},{"__symbol":46,"name":"NgProbeToken","filePath":"/media/pranav/Study/multi-app-setup/lazy-split/angular-lazy-load-demo-master/node_modules/@angular/core/core.d.ts"},{"__symbol":47,"name":"Meta","filePath":"/media/pranav/Study/multi-app-setup/lazy-split/angular-lazy-load-demo-master/node_modules/@angular/platform-browser/platform-browser.d.ts"},{"__symbol":48,"name":"Title","filePath":"/media/pranav/Study/multi-app-setup/lazy-split/angular-lazy-load-demo-master/node_modules/@angular/platform-browser/platform-browser.d.ts"},{"__symbol":49,"name":"Location","filePath":"/media/pranav/Study/multi-app-setup/lazy-split/angular-lazy-load-demo-master/node_modules/@angular/common/common.d.ts"},{"__symbol":50,"name":"LocationStrategy","filePath":"/media/pranav/Study/multi-app-setup/lazy-split/angular-lazy-load-demo-master/node_modules/@angular/common/common.d.ts"},{"__symbol":51,"name":"UrlSerializer","filePath":"/media/pranav/Study/multi-app-setup/lazy-split/angular-lazy-load-demo-master/node_modules/@angular/router/router.d.ts"},{"__symbol":52,"name":"DefaultUrlSerializer","filePath":"/media/pranav/Study/multi-app-setup/lazy-split/angular-lazy-load-demo-master/node_modules/@angular/router/router.d.ts"},{"__symbol":53,"name":"Router","filePath":"/media/pranav/Study/multi-app-setup/lazy-split/angular-lazy-load-demo-master/node_modules/@angular/router/router.d.ts"},{"__symbol":54,"name":"ɵe","filePath":"/media/pranav/Study/multi-app-setup/lazy-split/angular-lazy-load-demo-master/node_modules/@angular/router/router.d.ts"},{"__symbol":55,"name":"ChildrenOutletContexts","filePath":"/media/pranav/Study/multi-app-setup/lazy-split/angular-lazy-load-demo-master/node_modules/@angular/router/router.d.ts"},{"__symbol":56,"name":"NgModuleFactoryLoader","filePath":"/media/pranav/Study/multi-app-setup/lazy-split/angular-lazy-load-demo-master/node_modules/@angular/core/core.d.ts"},{"__symbol":57,"name":"ROUTES","filePath":"/media/pranav/Study/multi-app-setup/lazy-split/angular-lazy-load-demo-master/node_modules/@angular/router/router.d.ts"},{"__symbol":58,"name":"ROUTER_CONFIGURATION","filePath":"/media/pranav/Study/multi-app-setup/lazy-split/angular-lazy-load-demo-master/node_modules/@angular/router/router.d.ts"},{"__symbol":59,"name":"UrlHandlingStrategy","filePath":"/media/pranav/Study/multi-app-setup/lazy-split/angular-lazy-load-demo-master/node_modules/@angular/router/router.d.ts"},{"__symbol":60,"name":"RouteReuseStrategy","filePath":"/media/pranav/Study/multi-app-setup/lazy-split/angular-lazy-load-demo-master/node_modules/@angular/router/router.d.ts"},{"__symbol":61,"name":"ActivatedRoute","filePath":"/media/pranav/Study/multi-app-setup/lazy-split/angular-lazy-load-demo-master/node_modules/@angular/router/router.d.ts"},{"__symbol":62,"name":"ɵf","filePath":"/media/pranav/Study/multi-app-setup/lazy-split/angular-lazy-load-demo-master/node_modules/@angular/router/router.d.ts"},{"__symbol":63,"name":"SystemJsNgModuleLoader","filePath":"/media/pranav/Study/multi-app-setup/lazy-split/angular-lazy-load-demo-master/node_modules/@angular/core/core.d.ts"},{"__symbol":64,"name":"SystemJsNgModuleLoaderConfig","filePath":"/media/pranav/Study/multi-app-setup/lazy-split/angular-lazy-load-demo-master/node_modules/@angular/core/core.d.ts"},{"__symbol":65,"name":"RouterPreloader","filePath":"/media/pranav/Study/multi-app-setup/lazy-split/angular-lazy-load-demo-master/node_modules/@angular/router/router.d.ts"},{"__symbol":66,"name":"PreloadingStrategy","filePath":"/media/pranav/Study/multi-app-setup/lazy-split/angular-lazy-load-demo-master/node_modules/@angular/router/router.d.ts"},{"__symbol":67,"name":"NoPreloading","filePath":"/media/pranav/Study/multi-app-setup/lazy-split/angular-lazy-load-demo-master/node_modules/@angular/router/router.d.ts"},{"__symbol":68,"name":"PreloadAllModules","filePath":"/media/pranav/Study/multi-app-setup/lazy-split/angular-lazy-load-demo-master/node_modules/@angular/router/router.d.ts"},{"__symbol":69,"name":"ɵa","filePath":"/media/pranav/Study/multi-app-setup/lazy-split/angular-lazy-load-demo-master/node_modules/@angular/router/router.d.ts"},{"__symbol":70,"name":"ɵd","filePath":"/media/pranav/Study/multi-app-setup/lazy-split/angular-lazy-load-demo-master/node_modules/@angular/router/router.d.ts"},{"__symbol":71,"name":"ɵc","filePath":"/media/pranav/Study/multi-app-setup/lazy-split/angular-lazy-load-demo-master/node_modules/@angular/router/router.d.ts"},{"__symbol":72,"name":"PlatformLocation","filePath":"/media/pranav/Study/multi-app-setup/lazy-split/angular-lazy-load-demo-master/node_modules/@angular/common/common.d.ts"},{"__symbol":73,"name":"APP_BASE_HREF","filePath":"/media/pranav/Study/multi-app-setup/lazy-split/angular-lazy-load-demo-master/node_modules/@angular/common/common.d.ts"},{"__symbol":74,"name":"ɵb","filePath":"/media/pranav/Study/multi-app-setup/lazy-split/angular-lazy-load-demo-master/node_modules/@angular/router/router.d.ts"},{"__symbol":75,"name":"ɵg","filePath":"/media/pranav/Study/multi-app-setup/lazy-split/angular-lazy-load-demo-master/node_modules/@angular/router/router.d.ts"},{"__symbol":76,"name":"ɵh","filePath":"/media/pranav/Study/multi-app-setup/lazy-split/angular-lazy-load-demo-master/node_modules/@angular/router/router.d.ts"},{"__symbol":77,"name":"ROUTER_INITIALIZER","filePath":"/media/pranav/Study/multi-app-setup/lazy-split/angular-lazy-load-demo-master/node_modules/@angular/router/router.d.ts"},{"__symbol":78,"name":"ɵi","filePath":"/media/pranav/Study/multi-app-setup/lazy-split/angular-lazy-load-demo-master/node_modules/@angular/router/router.d.ts"},{"__symbol":79,"name":"APP_BOOTSTRAP_LISTENER","filePath":"/media/pranav/Study/multi-app-setup/lazy-split/angular-lazy-load-demo-master/node_modules/@angular/core/core.d.ts"},{"__symbol":80,"name":"RouterModule","filePath":"/media/pranav/Study/multi-app-setup/lazy-split/angular-lazy-load-demo-master/node_modules/@angular/router/router.d.ts"}]}