[{"__symbolic":"module","version":3,"metadata":{"DashboardComponent":{"__symbolic":"class","decorators":[{"__symbolic":"call","expression":{"__symbolic":"reference","module":"@angular/core","name":"Component"},"arguments":[{"selector":"dashboard","template":"\n    <div>\n      <h2>Dashboard Test</h2>\n    </div>\n  "}]}]}}},{"__symbolic":"module","version":1,"metadata":{"DashboardComponent":{"__symbolic":"class","decorators":[{"__symbolic":"call","expression":{"__symbolic":"reference","module":"@angular/core","name":"Component"},"arguments":[{"selector":"dashboard","template":"\n    <div>\n      <h2>Dashboard Test</h2>\n    </div>\n  "}]}]}}}]