[{"__symbolic":"module","version":3,"metadata":{"ROUTES":[{"path":"","component":{"__symbolic":"reference","module":"./dashboard.component","name":"DashboardComponent"}}],"DashboardModule":{"__symbolic":"class","decorators":[{"__symbolic":"call","expression":{"__symbolic":"reference","module":"@angular/core","name":"NgModule"},"arguments":[{"imports":[{"__symbolic":"call","expression":{"__symbolic":"select","expression":{"__symbolic":"reference","module":"@angular/router","name":"RouterModule"},"member":"forChild"},"arguments":[{"__symbolic":"reference","name":"ROUTES"}]}],"declarations":[{"__symbolic":"reference","module":"./dashboard.component","name":"DashboardComponent"}]}]}]}}},{"__symbolic":"module","version":1,"metadata":{"ROUTES":[{"path":"","component":{"__symbolic":"reference","module":"./dashboard.component","name":"DashboardComponent"}}],"DashboardModule":{"__symbolic":"class","decorators":[{"__symbolic":"call","expression":{"__symbolic":"reference","module":"@angular/core","name":"NgModule"},"arguments":[{"imports":[{"__symbolic":"call","expression":{"__symbolic":"select","expression":{"__symbolic":"reference","module":"@angular/router","name":"RouterModule"},"member":"forChild"},"arguments":[{"__symbolic":"reference","name":"ROUTES"}]}],"declarations":[{"__symbolic":"reference","module":"./dashboard.component","name":"DashboardComponent"}]}]}]}}}]