{"summaries":[{"symbol":{"__symbol":0,"members":[]},"metadata":{"__symbolic":"class"},"type":{"summaryKind":1,"type":{"reference":{"__symbol":0,"members":[]},"diDeps":[],"lifecycleHooks":[]},"isComponent":true,"selector":"settings","exportAs":null,"inputs":{},"outputs":{},"hostListeners":{},"hostProperties":{},"hostAttributes":{},"providers":[],"viewProviders":[],"queries":[],"viewQueries":[],"entryComponents":[],"changeDetection":1,"template":{"animations":[],"ngContentSelectors":[],"encapsulation":2},"componentViewType":{"__symbol":1,"members":[]},"rendererType":{"__symbol":2,"members":[]},"componentFactory":{"__symbol":3,"members":[]}}}],"symbols":[{"__symbol":0,"name":"SettingsComponent","filePath":"/media/pranav/Study/multi-app-setup/lazy-split/angular-lazy-load-demo-master/src/settings/settings.component.d.ts"},{"__symbol":1,"name":"View_SettingsComponent_0","filePath":"/media/pranav/Study/multi-app-setup/lazy-split/angular-lazy-load-demo-master/src/settings/settings.component.ngfactory.d.ts"},{"__symbol":2,"name":"RenderType_SettingsComponent","filePath":"/media/pranav/Study/multi-app-setup/lazy-split/angular-lazy-load-demo-master/src/settings/settings.component.ngfactory.d.ts"},{"__symbol":3,"name":"SettingsComponentNgFactory","filePath":"/media/pranav/Study/multi-app-setup/lazy-split/angular-lazy-load-demo-master/src/settings/settings.component.ngfactory.d.ts"}]}