[{"__symbolic":"module","version":3,"metadata":{"ReportsComponent":{"__symbolic":"class","decorators":[{"__symbolic":"call","expression":{"__symbolic":"reference","module":"@angular/core","name":"Component"},"arguments":[{"selector":"reports","template":"\n    <div>\n      <h2>Reports asd a dasd </h2>\n    </div>\n  "}]}]}}},{"__symbolic":"module","version":1,"metadata":{"ReportsComponent":{"__symbolic":"class","decorators":[{"__symbolic":"call","expression":{"__symbolic":"reference","module":"@angular/core","name":"Component"},"arguments":[{"selector":"reports","template":"\n    <div>\n      <h2>Reports asd a dasd </h2>\n    </div>\n  "}]}]}}}]