[{"__symbolic":"module","version":3,"metadata":{"SettingsComponent":{"__symbolic":"class","decorators":[{"__symbolic":"call","expression":{"__symbolic":"reference","module":"@angular/core","name":"Component"},"arguments":[{"selector":"settings","template":"\n    <div>\n      <h2>Settings</h2>\n    </div>\n  "}]}]}}},{"__symbolic":"module","version":1,"metadata":{"SettingsComponent":{"__symbolic":"class","decorators":[{"__symbolic":"call","expression":{"__symbolic":"reference","module":"@angular/core","name":"Component"},"arguments":[{"selector":"settings","template":"\n    <div>\n      <h2>Settings</h2>\n    </div>\n  "}]}]}}}]